{"_timestamp":1.738851554485833e+09,"_runtime":172.675597609,"_step":659,"Val loss":0.10117919743061066,"_wandb":{"runtime":178},"Train loss":0.05680035054683685}