{"_wandb":{"runtime":55},"Train loss":0.04019472189247608,"_timestamp":1.7373095290517924e+09,"_runtime":52.166281714,"_step":219,"Val loss":0.10673309862613678}